Income,Credit Score,Loan Amount,Loan Term,Previous Default,Employment Status,Housing Status,Debt-to-Income Ratio,Number of Open Accounts,Loan Application Status
5732,753,32834,30,0,Self-employed,Rent,0.77,15,1
13799,700,39372,30,0,Self-employed,Mortgage,0.71,17,0
12845,677,29891,15,1,Employed,Mortgage,0.26,2,0
16123,708,46504,30,0,Unemployed,Rent,0.93,15,0
12225,778,45107,30,0,Self-employed,Rent,0.05,10,1
17116,755,13829,15,0,Unemployed,Rent,0.97,13,0
17935,696,20676,15,0,Self-employed,Rent,0.53,4,0
18430,643,11429,30,0,Self-employed,Mortgage,0.65,4,0
18832,619,21634,15,0,Self-employed,Own,0.83,9,0
9744,698,14371,15,1,Self-employed,Own,0.16,9,1
17650,645,33391,15,0,Unemployed,Mortgage,0.9,14,0
13327,700,13318,30,1,Employed,Rent,0.01,14,1
5897,680,43984,15,0,Self-employed,Rent,0.93,13,0
19921,712,10195,30,0,Self-employed,Own,0.41,15,1
9216,834,8278,30,1,Self-employed,Own,1.0,17,1
9921,721,33198,15,0,Self-employed,Rent,0.23,14,0
9036,771,16531,15,1,Employed,Mortgage,0.67,7,0
5163,795,8530,15,0,Unemployed,Mortgage,0.85,12,1
8072,608,13025,30,0,Unemployed,Mortgage,0.02,9,0
7851,811,14906,30,0,Unemployed,Rent,0.02,7,1
10877,774,12208,15,1,Employed,Rent,0.03,15,1
4871,664,47182,15,1,Unemployed,Rent,0.01,15,0
10599,716,11430,15,0,Unemployed,Rent,0.21,9,1
5496,748,23070,30,0,Employed,Own,0.8,12,1
18186,696,14339,30,1,Employed,Mortgage,0.22,3,0
13200,826,25043,30,0,Employed,Own,0.36,16,1
3755,707,34987,15,0,Self-employed,Rent,0.05,3,1
3797,733,9564,30,0,Unemployed,Own,0.31,6,0
6219,685,24396,15,1,Unemployed,Own,0.08,11,1
18246,624,47559,15,0,Employed,Own,0.28,7,0
19321,602,9868,15,0,Self-employed,Mortgage,0.58,6,0
11736,799,34361,30,0,Employed,Rent,0.26,6,1
14723,708,42748,15,0,Self-employed,Rent,0.63,15,1
14122,803,47141,15,0,Employed,Mortgage,0.65,3,1
13368,843,20165,30,0,Self-employed,Mortgage,0.58,12,1
9021,628,5603,15,0,Employed,Mortgage,0.45,17,0
6560,718,37367,15,1,Unemployed,Mortgage,0.26,19,1
15676,695,28763,30,0,Employed,Rent,0.15,13,1
16754,665,44002,15,0,Self-employed,Mortgage,0.46,1,1
17879,808,49570,30,0,Self-employed,Rent,0.62,3,1
17627,714,43834,15,0,Employed,Mortgage,0.11,1,1
15134,810,15463,15,0,Unemployed,Rent,0.22,17,0
18115,742,25318,15,0,Unemployed,Own,0.18,5,0
11622,621,47769,30,0,Unemployed,Own,0.23,5,1
12781,711,12992,30,1,Unemployed,Mortgage,0.12,4,1
19298,711,20347,30,0,Self-employed,Mortgage,0.42,6,1
15372,797,36523,15,0,Self-employed,Rent,0.32,19,1
7420,633,13393,15,0,Unemployed,Rent,0.61,11,0
16062,706,17079,30,0,Unemployed,Own,0.9,17,0
10108,730,7096,15,1,Employed,Rent,0.6,14,0
17324,627,24399,30,1,Unemployed,Mortgage,0.18,16,1
8251,832,28157,30,1,Employed,Rent,0.11,6,1
10012,719,32203,30,0,Unemployed,Own,0.65,10,1
12396,747,29263,30,0,Self-employed,Own,0.82,14,0
17312,743,40134,15,0,Unemployed,Own,0.32,2,1
6918,671,20304,15,1,Employed,Rent,0.51,12,0
12359,836,8077,30,1,Self-employed,Own,0.79,3,0
14491,629,45545,15,0,Self-employed,Mortgage,0.02,14,1
18127,763,5055,30,1,Unemployed,Mortgage,0.7,8,0
13959,825,12644,15,1,Employed,Own,0.51,2,0
5957,648,35126,15,0,Employed,Rent,0.73,4,0
7469,777,7086,15,1,Employed,Mortgage,0.87,19,1
17165,680,17849,15,0,Self-employed,Own,0.49,15,0
11752,784,7312,30,0,Self-employed,Rent,0.86,9,0
12797,663,37378,15,0,Unemployed,Own,0.01,2,0
17505,816,30793,30,1,Employed,Own,0.63,11,1
8795,786,43210,30,0,Employed,Rent,0.99,16,1
10365,733,26693,30,0,Self-employed,Rent,0.29,16,0
11448,651,20627,15,1,Self-employed,Rent,0.72,10,1
6762,661,8466,30,0,Employed,Rent,0.22,14,0
19221,706,41884,30,0,Unemployed,Mortgage,0.97,7,1
4634,811,47084,30,0,Unemployed,Own,0.44,1,1
18914,617,43670,15,0,Unemployed,Rent,0.68,7,0
3973,645,8704,15,1,Self-employed,Rent,0.51,15,0
13215,824,5052,30,1,Unemployed,Own,0.08,7,1
14157,662,46415,15,0,Self-employed,Own,0.8,2,0
16824,622,21029,30,1,Employed,Rent,0.24,15,0
5418,825,24726,30,0,Employed,Mortgage,0.28,1,1
15843,702,14842,15,0,Employed,Rent,0.03,15,1
16242,737,22134,15,0,Employed,Mortgage,0.56,8,1
6455,605,5819,30,1,Self-employed,Mortgage,0.54,18,1
9521,676,12200,15,1,Employed,Rent,0.18,8,1
12123,661,29983,30,0,Employed,Rent,0.72,2,0
13179,770,27265,30,1,Unemployed,Mortgage,0.05,6,1
17254,847,9870,30,1,Self-employed,Rent,0.78,6,1
7305,744,34761,15,1,Employed,Own,0.99,7,0
8531,659,6099,15,0,Self-employed,Rent,0.16,14,0
18041,617,7556,30,1,Self-employed,Rent,0.31,13,0
7182,796,10830,30,0,Self-employed,Rent,0.29,10,1
18403,660,48816,30,1,Self-employed,Rent,0.55,14,0
16160,753,26411,30,1,Unemployed,Own,0.1,10,1
18106,742,29638,30,0,Employed,Mortgage,0.5,5,1
3307,709,39245,30,1,Employed,Own,0.9,6,0
16392,661,5442,15,0,Self-employed,Own,0.45,12,1
17368,781,26068,15,0,Unemployed,Rent,0.68,6,1
8302,681,48392,30,0,Unemployed,Rent,0.83,9,0
4152,629,38793,30,1,Unemployed,Rent,0.67,9,1
11467,798,19036,30,1,Self-employed,Own,0.31,3,1
8294,628,22101,30,1,Self-employed,Rent,0.33,15,0
16866,802,14818,15,0,Employed,Rent,0.66,2,1
16683,733,36851,30,1,Unemployed,Own,0.17,14,0
5492,828,42864,15,1,Employed,Mortgage,0.04,2,1
18949,828,23281,30,0,Employed,Own,0.02,8,1
17622,684,21410,15,0,Unemployed,Rent,0.36,13,0
16592,783,35107,30,0,Self-employed,Mortgage,0.76,10,1
3770,842,37747,30,1,Self-employed,Rent,0.73,15,1
18875,778,14965,30,1,Unemployed,Own,0.45,13,0
11286,686,13760,30,1,Employed,Mortgage,0.29,17,1
14490,781,13250,30,0,Unemployed,Rent,0.05,4,1
8995,610,32665,30,0,Employed,Own,0.01,3,0
16640,643,34910,15,0,Unemployed,Rent,0.01,2,1
6091,787,20199,30,1,Unemployed,Rent,0.57,18,1
15895,758,44132,30,0,Unemployed,Own,0.9,12,1
6912,659,36949,30,0,Unemployed,Mortgage,0.86,17,1
9594,742,29967,15,0,Self-employed,Mortgage,0.18,10,0
10997,843,48290,30,0,Unemployed,Mortgage,0.34,17,1
11032,776,44185,15,0,Employed,Own,0.24,4,1
18620,720,11852,30,0,Employed,Own,0.39,10,0
11131,725,32055,15,1,Employed,Own,0.36,16,1
7845,656,49766,15,0,Unemployed,Rent,0.47,2,1
13838,793,22756,15,0,Self-employed,Own,0.98,5,1
6533,704,24961,30,0,Employed,Mortgage,0.79,13,0
5937,735,13008,15,0,Self-employed,Rent,0.92,13,0
7939,797,25154,15,0,Employed,Rent,0.01,3,1
12744,743,12963,15,1,Self-employed,Mortgage,0.52,15,0
8021,719,48014,15,0,Employed,Mortgage,0.87,19,0
4134,833,38671,15,0,Self-employed,Mortgage,0.72,3,0
19409,652,40509,30,0,Unemployed,Rent,0.3,4,1
12680,632,17151,15,0,Self-employed,Mortgage,0.69,1,0
4913,687,18816,30,1,Employed,Mortgage,0.56,17,0
16429,806,15266,30,1,Employed,Own,0.71,15,1
16907,762,41475,30,1,Unemployed,Rent,0.48,4,0
5721,629,25913,30,1,Employed,Rent,0.96,1,0
13088,651,20892,15,1,Self-employed,Mortgage,0.99,12,1
18588,817,24319,30,0,Unemployed,Mortgage,0.98,17,1
8627,781,11584,30,0,Employed,Own,0.51,9,0
8446,604,29509,15,0,Employed,Rent,0.83,10,1
3469,792,34111,15,1,Self-employed,Rent,0.94,3,0
13527,723,7688,30,1,Self-employed,Own,0.88,15,1
11717,754,37358,15,0,Self-employed,Mortgage,0.53,11,1
4720,812,21787,30,0,Self-employed,Rent,1.0,5,1
8272,733,24506,30,0,Employed,Own,0.29,10,0
19975,722,41254,15,0,Self-employed,Mortgage,0.96,14,1
9185,688,8621,15,0,Unemployed,Rent,0.31,12,1
18912,617,6918,15,1,Unemployed,Own,0.58,9,1
19591,796,41841,15,0,Employed,Own,0.07,6,1
18115,656,17933,30,0,Self-employed,Mortgage,0.88,9,1
17447,760,13144,30,0,Employed,Rent,0.6,3,1
13102,841,25925,15,0,Employed,Own,0.4,13,1
14052,681,35495,15,0,Unemployed,Mortgage,0.06,7,0
18741,672,5966,30,1,Self-employed,Own,0.73,17,1
14218,673,8275,30,0,Employed,Mortgage,0.43,18,0
8103,828,47641,30,0,Unemployed,Own,0.78,4,1
5282,759,26151,15,1,Unemployed,Rent,0.78,5,0
4740,694,25570,15,0,Employed,Rent,0.85,11,1
15579,673,34735,15,0,Self-employed,Mortgage,0.44,18,1
8846,708,38525,15,0,Self-employed,Own,0.08,19,0
16310,776,44492,30,1,Employed,Mortgage,0.6,5,1
18037,827,15619,15,1,Unemployed,Mortgage,0.69,16,1
5775,760,9223,30,0,Self-employed,Mortgage,0.42,18,1
16928,614,16471,30,1,Employed,Own,0.86,14,0
9356,661,46446,15,0,Self-employed,Mortgage,0.9,17,1
4162,687,24851,15,0,Employed,Own,0.93,9,0
17006,760,5359,15,1,Self-employed,Mortgage,0.86,14,0
18997,656,25811,30,1,Unemployed,Mortgage,0.85,12,1
3623,756,19134,15,1,Employed,Rent,0.73,3,0
11962,771,35116,30,0,Employed,Rent,0.4,18,1
4241,697,42970,30,0,Employed,Mortgage,0.2,7,1
13903,778,31827,15,0,Employed,Rent,0.31,3,1
7403,646,24123,15,0,Self-employed,Mortgage,0.12,12,1
8661,708,11306,15,0,Employed,Rent,0.66,15,1
18939,672,37848,30,1,Unemployed,Mortgage,0.07,9,0
13787,765,38308,15,0,Self-employed,Rent,0.37,18,1
5121,720,33680,30,1,Self-employed,Own,0.17,8,0
15585,602,29812,15,0,Employed,Mortgage,0.27,10,1
6886,617,30820,30,0,Unemployed,Mortgage,0.83,12,1
11922,743,31265,30,1,Unemployed,Own,0.6,5,1
18212,795,8422,30,0,Self-employed,Own,0.21,11,1
12987,685,49155,15,0,Employed,Own,0.29,3,0
18113,840,37869,15,0,Self-employed,Own,0.09,8,1
15717,842,43587,30,1,Employed,Own,0.05,8,0
19583,693,26497,30,1,Unemployed,Rent,0.48,1,0
4447,701,34755,30,1,Employed,Rent,0.55,5,0
8181,720,47170,30,1,Employed,Rent,0.6,11,0
13581,750,41114,30,1,Employed,Rent,0.75,9,1
14042,810,11668,30,1,Self-employed,Rent,0.2,13,1
13146,607,7945,30,0,Self-employed,Own,0.52,7,1
8208,655,18595,30,0,Self-employed,Mortgage,0.53,3,1
9177,777,15179,30,1,Self-employed,Rent,0.2,12,0
17981,626,15173,15,1,Self-employed,Mortgage,0.52,13,1
7863,848,38552,15,0,Unemployed,Own,0.73,16,1
17626,732,37027,15,0,Unemployed,Mortgage,0.1,9,1
11389,709,41614,15,0,Employed,Own,0.74,9,1
3894,689,28040,30,0,Unemployed,Mortgage,0.49,14,0
18440,626,27535,15,0,Self-employed,Mortgage,0.29,1,1
3136,788,39619,15,0,Employed,Own,0.22,1,0
9273,843,27900,15,1,Unemployed,Own,0.4,16,0
17627,711,44332,15,0,Employed,Rent,0.4,18,1
16688,683,41565,30,0,Self-employed,Own,0.28,13,1
6419,678,23166,15,0,Self-employed,Rent,0.66,17,0
19552,746,36231,30,0,Unemployed,Rent,0.38,12,1
9004,721,24656,30,0,Self-employed,Own,0.13,16,0
5852,696,36343,15,0,Employed,Mortgage,0.59,1,0
15464,691,39730,30,1,Employed,Rent,0.17,15,1
12753,636,24425,30,0,Employed,Rent,0.12,5,1
18139,702,27596,30,0,Unemployed,Rent,0.93,19,1
6186,748,46741,15,0,Employed,Own,0.4,18,1
11338,727,37397,30,0,Employed,Own,0.61,9,1
17676,836,48945,15,0,Self-employed,Mortgage,0.08,5,1
5562,731,21712,30,0,Unemployed,Rent,0.32,11,0
7652,746,28174,15,0,Unemployed,Mortgage,0.71,2,1
16173,805,14566,15,0,Unemployed,Own,0.36,2,1
16634,651,30740,15,0,Unemployed,Rent,0.76,15,0
14605,649,46570,15,0,Self-employed,Own,0.57,19,1
3423,631,23307,15,1,Unemployed,Rent,0.25,4,0
3967,825,31856,30,0,Unemployed,Own,0.97,17,0
7370,746,12696,15,0,Employed,Own,0.33,6,1
12052,612,7309,30,0,Unemployed,Mortgage,0.43,4,1
3433,711,47423,15,1,Unemployed,Mortgage,0.16,16,1
16097,819,23101,15,0,Self-employed,Own,0.19,14,1
15121,831,29854,30,1,Unemployed,Rent,0.78,9,1
17299,698,23967,15,1,Unemployed,Mortgage,0.87,8,0
19713,671,13443,30,0,Self-employed,Rent,0.6,12,1
19363,694,8962,30,0,Self-employed,Own,0.95,9,1
6968,645,14124,15,1,Unemployed,Mortgage,0.79,9,1
4040,808,29299,15,0,Self-employed,Own,0.44,19,1
9250,665,49066,30,1,Unemployed,Rent,0.34,6,1
10704,688,44878,30,0,Employed,Mortgage,0.0,7,1
9772,616,27918,15,0,Self-employed,Mortgage,0.93,6,1
8311,645,38112,30,0,Self-employed,Rent,0.86,12,1
12411,727,42905,30,0,Self-employed,Own,0.84,16,1
15424,819,47544,15,0,Unemployed,Rent,0.23,13,1
12144,765,41298,15,0,Employed,Own,0.88,5,0
9011,778,11769,30,1,Employed,Own,0.25,4,1
11352,752,32500,15,0,Unemployed,Rent,0.96,19,1
5195,776,12172,30,0,Self-employed,Own,0.78,18,0
7680,804,29159,15,0,Employed,Mortgage,0.56,13,1
8240,604,39431,30,0,Employed,Mortgage,0.41,13,0
13100,840,28050,30,0,Unemployed,Mortgage,0.26,1,1
18168,779,9893,30,0,Self-employed,Mortgage,0.41,1,1
13955,774,27377,15,1,Self-employed,Mortgage,0.51,7,0
3732,640,39032,15,0,Employed,Mortgage,0.34,4,0
16088,742,6549,30,0,Self-employed,Mortgage,0.02,10,1
15046,841,42139,15,0,Unemployed,Mortgage,0.15,9,1
12500,738,45364,15,1,Unemployed,Own,0.15,4,0
10444,755,30707,15,0,Employed,Mortgage,0.92,11,1
16846,678,33670,30,1,Unemployed,Mortgage,0.43,13,0
19979,702,48762,30,0,Employed,Own,0.67,9,1
3647,741,9005,30,0,Self-employed,Own,0.54,7,0
15232,604,47510,30,1,Employed,Own,0.2,8,0
19957,814,22060,15,1,Unemployed,Own,0.18,19,0
9797,615,18444,15,0,Employed,Own,0.85,16,0
8637,629,45946,30,0,Self-employed,Own,0.28,5,1
14471,806,38071,30,0,Unemployed,Rent,0.76,12,0
17799,770,47880,30,1,Self-employed,Rent,0.6,12,1
8259,753,17081,15,0,Employed,Own,0.23,13,0
12220,803,17747,15,1,Employed,Own,0.61,1,1
9567,823,28340,30,1,Unemployed,Mortgage,0.38,6,0
7444,819,27085,30,1,Self-employed,Mortgage,0.41,7,1
3586,622,21878,30,1,Self-employed,Own,0.74,14,0
17132,710,34968,15,1,Employed,Mortgage,0.34,6,1
10601,643,41357,15,1,Unemployed,Mortgage,0.85,19,1
14059,812,12063,15,1,Self-employed,Own,0.88,13,1
3739,783,28471,15,0,Employed,Mortgage,0.49,15,0
8410,730,31179,30,1,Employed,Rent,0.59,4,1
18923,753,45102,15,1,Employed,Rent,0.97,10,0
19030,725,44920,30,0,Self-employed,Mortgage,0.36,6,0
19821,720,48282,30,0,Self-employed,Rent,0.4,2,1
6898,728,11238,30,0,Employed,Own,0.27,2,1
12724,695,45213,15,1,Employed,Own,0.19,1,1
3941,784,42857,30,0,Self-employed,Own,0.21,16,0
14590,710,39122,15,1,Unemployed,Own,0.5,11,0
14317,798,15348,30,0,Unemployed,Rent,0.26,13,1
12008,810,30631,30,1,Self-employed,Own,0.42,14,0
17672,686,21979,30,1,Self-employed,Mortgage,0.93,4,0
14834,790,36810,15,0,Employed,Own,0.8,11,1
11393,646,42011,15,0,Unemployed,Rent,0.89,10,0
18225,689,16423,15,0,Employed,Mortgage,0.6,6,1
4862,805,24219,30,0,Self-employed,Mortgage,0.43,14,1
11742,740,40623,15,0,Employed,Mortgage,0.84,9,1
6751,662,36293,30,1,Unemployed,Rent,0.3,18,1
12864,637,5609,15,1,Employed,Mortgage,0.68,14,0
3903,811,17204,30,1,Employed,Own,0.18,4,0
18352,759,15484,30,0,Employed,Own,0.59,1,0
17297,719,17012,15,0,Self-employed,Rent,0.4,15,1
8896,756,16998,15,0,Unemployed,Rent,0.37,15,0
15003,659,19823,30,0,Unemployed,Own,0.46,7,0
10942,848,11334,30,0,Employed,Own,0.93,16,1
12671,683,11348,15,1,Unemployed,Mortgage,0.08,6,1
8593,640,37848,30,0,Self-employed,Own,0.31,1,0
19322,704,7558,15,0,Employed,Own,0.19,8,1
10026,721,14350,30,1,Self-employed,Own,0.62,8,0
6821,689,35148,15,1,Employed,Mortgage,0.35,18,1
11472,839,26293,30,0,Employed,Mortgage,0.36,1,1
4028,629,28034,15,0,Self-employed,Rent,0.46,16,0
5660,628,47654,30,0,Employed,Mortgage,0.23,12,1
5353,652,15107,15,0,Self-employed,Own,0.94,12,0
10734,642,9789,15,0,Employed,Rent,0.92,19,1
13937,738,33065,15,0,Self-employed,Own,0.06,12,1
15695,812,38370,30,0,Unemployed,Own,0.51,7,0
4053,617,10522,15,0,Unemployed,Own,0.18,8,0
6893,728,13824,15,0,Employed,Own,1.0,4,1
5679,767,43018,15,0,Unemployed,Rent,0.73,6,0
14187,638,24610,30,0,Self-employed,Rent,0.95,18,1
7950,826,11382,15,1,Self-employed,Mortgage,0.86,1,0
5665,793,17569,15,0,Self-employed,Mortgage,0.64,12,1
9838,648,35655,15,0,Self-employed,Own,0.95,2,1
6968,814,24163,15,0,Employed,Rent,0.43,19,1
3851,645,24006,30,1,Self-employed,Rent,0.4,15,1
8028,722,24513,15,0,Employed,Own,0.15,19,1
10152,777,40109,15,0,Unemployed,Own,0.79,10,1
11769,622,8477,30,1,Unemployed,Mortgage,0.93,7,1
3804,831,5107,15,0,Unemployed,Own,0.74,5,1
8444,692,13696,15,1,Unemployed,Rent,0.3,12,0
19496,665,9933,15,0,Self-employed,Mortgage,0.53,18,0
4967,685,42881,30,1,Self-employed,Mortgage,0.32,1,0
7333,666,42913,30,1,Employed,Rent,0.19,12,0
4384,632,46725,30,0,Self-employed,Mortgage,0.66,19,1
16278,778,5073,30,0,Unemployed,Mortgage,0.72,9,0
16867,670,16146,15,0,Employed,Rent,0.65,3,1
3063,702,44496,30,0,Unemployed,Mortgage,0.03,19,0
6999,763,9570,15,0,Self-employed,Mortgage,0.92,7,1
6988,845,6375,15,0,Employed,Rent,0.36,15,1
15891,828,45798,15,0,Employed,Own,0.61,12,1
16731,751,42630,30,1,Self-employed,Rent,0.82,2,0
5387,843,8301,15,0,Employed,Mortgage,0.56,14,0
6441,722,40110,30,0,Employed,Mortgage,0.85,14,1
11010,682,22584,15,0,Employed,Rent,0.41,2,0
16537,702,23108,15,1,Self-employed,Rent,0.36,11,1
8763,689,32632,15,0,Self-employed,Rent,0.61,14,1
10396,838,30089,30,0,Unemployed,Rent,0.34,15,1
6898,679,19703,15,0,Employed,Rent,0.2,1,1
17705,713,14407,15,0,Employed,Mortgage,0.3,12,1
19676,755,32841,30,1,Employed,Rent,0.36,8,0
17470,685,22685,15,0,Unemployed,Own,0.43,4,1
8346,601,38582,15,0,Unemployed,Rent,0.33,15,0
7776,609,47752,15,1,Unemployed,Own,0.17,1,0
16729,715,16990,30,0,Unemployed,Mortgage,0.62,9,1
7122,681,24620,15,0,Unemployed,Rent,0.6,4,0
3736,739,16930,15,1,Employed,Rent,0.18,12,1
7461,664,23068,15,0,Unemployed,Own,0.36,2,1
14465,847,17628,30,0,Employed,Rent,0.71,7,1
16749,667,12399,15,0,Unemployed,Own,0.82,15,1
11389,849,10666,30,1,Unemployed,Own,0.39,5,1
16217,789,16118,15,1,Self-employed,Rent,0.51,11,1
4671,654,32709,15,0,Self-employed,Rent,0.4,4,1
3606,636,24172,15,0,Employed,Own,0.93,16,0
15534,812,39377,30,0,Employed,Rent,0.89,7,0
18835,726,49360,30,0,Self-employed,Own,0.96,12,0
10788,619,33720,15,1,Employed,Mortgage,0.3,3,0
9246,839,31599,30,0,Employed,Own,0.22,4,0
8343,797,35139,15,0,Unemployed,Mortgage,0.98,18,1
5304,812,14515,30,0,Self-employed,Own,0.65,11,1
14909,725,13106,30,0,Unemployed,Mortgage,0.26,1,1
6419,790,38421,15,0,Unemployed,Own,0.02,7,1
4131,796,5504,15,1,Self-employed,Mortgage,0.45,2,1
17281,769,5367,30,0,Self-employed,Own,0.97,15,1
13213,808,46977,15,1,Unemployed,Mortgage,0.22,4,1
16704,744,30353,15,1,Employed,Rent,0.42,18,0
12774,785,5997,30,0,Employed,Mortgage,0.39,8,1
11192,733,35242,15,0,Self-employed,Mortgage,0.55,15,1
10528,696,43726,15,0,Unemployed,Mortgage,0.61,12,0
3691,622,18737,15,0,Self-employed,Own,0.76,14,0
16862,731,32962,30,0,Self-employed,Rent,0.91,1,1
5683,736,26077,15,0,Employed,Rent,0.46,1,0
18456,662,10123,30,0,Unemployed,Own,0.97,19,0
9995,692,19411,15,0,Unemployed,Mortgage,0.63,18,1
9176,769,25202,30,0,Unemployed,Own,0.01,10,1
9598,674,32915,30,0,Employed,Mortgage,0.63,6,0
8985,702,43990,15,0,Unemployed,Rent,0.32,13,0
7524,692,26203,30,0,Self-employed,Rent,0.62,18,1
3827,695,43170,15,1,Employed,Own,0.47,4,1
13041,708,36083,15,0,Self-employed,Own,0.89,4,0
13413,739,11911,15,0,Self-employed,Own,0.43,3,0
6204,762,25560,30,0,Unemployed,Own,0.3,6,1
3093,691,39356,30,0,Employed,Mortgage,0.04,7,0
18707,649,42777,15,0,Self-employed,Own,0.03,9,0
16713,671,37336,15,0,Unemployed,Mortgage,0.88,1,0
5467,767,10308,15,1,Self-employed,Own,0.56,13,1
6778,702,5969,15,1,Self-employed,Mortgage,0.44,7,0
3404,719,17387,30,0,Unemployed,Mortgage,0.76,8,0
8037,658,18209,15,0,Self-employed,Own,0.71,10,1
16263,605,21947,30,1,Employed,Own,0.87,7,0
3375,673,13527,15,1,Unemployed,Rent,0.88,6,0
19036,688,31727,15,0,Employed,Own,0.4,5,0
13942,740,7289,15,0,Employed,Own,0.6,8,0
19881,832,15677,30,0,Employed,Mortgage,0.92,16,1
12630,825,41631,15,1,Self-employed,Mortgage,0.04,4,0
11930,659,42868,15,0,Unemployed,Own,0.08,8,0
7515,806,12531,30,0,Self-employed,Mortgage,0.67,9,0
9729,837,44531,30,0,Employed,Rent,0.69,19,0
6290,615,22942,15,0,Unemployed,Mortgage,0.29,15,1
13167,604,39140,30,0,Self-employed,Mortgage,0.53,8,0
4562,750,9078,15,0,Self-employed,Rent,0.0,3,1
19080,780,44979,30,0,Self-employed,Rent,0.28,3,0
17440,666,34702,15,0,Self-employed,Rent,0.6,17,1
7736,671,5909,15,0,Unemployed,Own,0.38,14,0
6466,709,33817,15,1,Unemployed,Mortgage,0.49,14,1
7702,672,45360,30,0,Unemployed,Rent,0.93,2,0
8638,605,11781,15,0,Unemployed,Own,0.06,14,1
10853,639,13670,30,0,Self-employed,Rent,0.51,11,0
18605,679,26956,15,0,Employed,Rent,0.58,14,1
8534,679,15002,15,1,Self-employed,Rent,0.66,7,0
16839,641,46712,15,0,Self-employed,Rent,0.75,19,1
17505,817,10250,30,0,Unemployed,Own,0.15,8,1
9310,750,21411,15,0,Self-employed,Own,0.92,14,0
16621,817,8819,30,0,Self-employed,Rent,0.41,4,1
5987,817,43451,30,1,Self-employed,Rent,0.49,11,0
6292,747,5215,30,0,Unemployed,Rent,0.66,4,1
8801,662,16071,30,1,Unemployed,Mortgage,0.53,6,0
14100,629,24614,30,0,Self-employed,Rent,0.42,6,0
11526,609,48868,15,0,Employed,Rent,0.67,2,1
11292,739,36662,15,0,Unemployed,Mortgage,0.67,19,1
13461,725,33558,30,0,Unemployed,Mortgage,0.22,1,1
10676,699,12922,15,0,Employed,Rent,0.43,13,1
10794,626,36918,15,0,Employed,Mortgage,0.02,14,0
7876,703,32821,30,0,Self-employed,Mortgage,0.46,3,1
12961,810,33932,30,1,Self-employed,Mortgage,0.89,19,0
12040,672,9746,30,1,Unemployed,Own,0.64,17,1
5173,729,29639,30,0,Employed,Mortgage,0.89,4,1
12354,699,41324,30,1,Self-employed,Own,0.01,13,1
9874,714,23632,30,0,Employed,Own,0.77,9,1
5757,841,9215,30,0,Employed,Own,0.79,4,1
15120,774,23746,30,1,Unemployed,Own,0.39,10,0
7047,655,16977,15,1,Self-employed,Own,0.36,13,0
10845,610,8469,15,0,Unemployed,Mortgage,0.92,18,0
14096,802,45460,15,1,Employed,Mortgage,0.54,12,1
10828,624,17957,30,0,Unemployed,Mortgage,0.46,16,0
6868,695,24022,15,1,Unemployed,Mortgage,0.33,1,0
7998,643,27888,15,0,Employed,Mortgage,0.65,14,1
7930,819,5077,30,1,Self-employed,Mortgage,0.78,7,1
19988,741,9796,15,0,Employed,Own,0.91,5,1
6686,806,38356,30,0,Unemployed,Mortgage,0.06,2,0
16421,655,20469,30,0,Unemployed,Mortgage,0.77,4,0
12545,605,20852,30,0,Self-employed,Rent,0.76,10,1
3100,751,31601,15,0,Employed,Own,0.58,15,0
12037,642,47865,15,0,Unemployed,Rent,0.23,19,1
9037,703,49859,30,0,Employed,Rent,0.69,15,1
18603,649,44567,30,1,Self-employed,Own,0.37,19,1
17586,701,19774,15,1,Employed,Own,0.3,10,1
12497,702,42536,15,0,Employed,Own,0.37,3,1
19405,675,26758,30,0,Unemployed,Own,0.39,11,1
9102,717,49752,15,0,Employed,Rent,0.71,18,1
6191,784,42874,15,1,Self-employed,Rent,0.85,2,1
12893,771,11515,30,0,Unemployed,Own,0.33,18,1
11063,752,47098,30,0,Self-employed,Rent,0.14,15,1
9540,681,20729,15,1,Employed,Mortgage,0.59,16,1
6418,621,40087,15,0,Employed,Own,0.49,19,0
11778,822,23582,30,1,Unemployed,Mortgage,0.57,19,1
10246,746,19289,30,0,Employed,Mortgage,0.18,12,1
12022,663,23267,15,0,Employed,Mortgage,0.43,6,1
18919,689,33780,15,0,Self-employed,Mortgage,0.8,12,1
9282,629,5859,15,0,Employed,Mortgage,0.33,7,1
4337,637,17764,30,0,Unemployed,Own,0.46,10,1
6547,777,19955,15,0,Unemployed,Mortgage,0.18,12,0
16657,768,33775,30,1,Self-employed,Own,0.86,16,1
19771,841,29675,15,0,Self-employed,Rent,0.55,13,1
8245,706,43644,30,0,Employed,Rent,0.32,13,0
6922,823,37681,15,0,Employed,Mortgage,0.2,14,1
4221,703,10878,15,0,Self-employed,Rent,0.5,6,1
17010,611,30396,30,1,Unemployed,Own,0.03,19,0
4924,656,32947,30,0,Self-employed,Own,0.53,10,1
11901,845,35642,15,0,Unemployed,Mortgage,0.67,9,1
11639,791,26904,30,1,Unemployed,Rent,0.1,9,0
19734,742,36808,30,0,Self-employed,Mortgage,0.3,9,1
11856,632,15010,15,0,Unemployed,Rent,0.76,1,1
11616,793,19471,15,0,Unemployed,Mortgage,0.44,1,1
7260,721,14654,30,0,Employed,Rent,0.61,13,1
12393,717,37698,15,0,Employed,Own,0.9,19,1
6511,665,22739,15,0,Unemployed,Mortgage,0.22,16,0
13904,636,44225,15,0,Employed,Mortgage,0.47,13,0
3673,625,29250,15,1,Self-employed,Rent,0.25,18,1
4938,804,48277,15,0,Employed,Mortgage,0.07,10,0
15750,672,22352,30,1,Unemployed,Rent,1.0,14,0
10303,650,38000,30,0,Employed,Mortgage,0.52,3,1
13879,612,45722,15,1,Self-employed,Mortgage,0.9,1,1
11529,752,24756,15,0,Unemployed,Mortgage,0.51,10,0
13030,747,24682,15,1,Employed,Rent,0.79,7,1
10970,795,47699,15,1,Unemployed,Own,0.24,4,0
19499,738,18126,30,0,Employed,Rent,0.46,7,1
8719,607,35926,30,0,Unemployed,Own,0.42,2,0
13738,780,49590,30,0,Employed,Mortgage,0.04,2,1
15910,692,20926,15,0,Self-employed,Rent,0.82,6,1
8696,614,29242,30,0,Self-employed,Rent,0.04,2,0
6404,800,5043,15,0,Self-employed,Rent,0.22,2,1
13825,646,46537,15,0,Self-employed,Own,0.64,4,1
7242,827,32598,30,0,Self-employed,Own,0.08,6,1
5691,635,17645,30,0,Employed,Mortgage,0.4,19,0
12264,809,19598,15,0,Employed,Mortgage,0.93,2,1
9437,751,23553,30,1,Employed,Rent,0.58,4,1
15404,661,34871,30,1,Employed,Own,0.52,14,1
12709,717,8244,15,0,Self-employed,Rent,0.13,3,1
12776,781,38283,30,0,Self-employed,Mortgage,0.32,16,1
9253,612,15747,15,1,Unemployed,Rent,0.7,12,0
13194,773,26538,30,0,Unemployed,Rent,0.18,2,1
13419,607,10414,15,0,Unemployed,Own,0.5,10,0
13801,775,43864,15,1,Self-employed,Own,0.49,10,0
14335,710,49466,15,0,Employed,Own,0.19,12,0
19218,767,13333,30,1,Employed,Own,0.46,17,0
14697,694,43742,15,1,Unemployed,Rent,0.0,10,0
8405,747,36715,30,0,Self-employed,Mortgage,0.08,1,1
11266,834,14047,15,0,Self-employed,Rent,0.48,5,0
14585,709,13997,30,0,Unemployed,Mortgage,0.87,12,1
9007,778,49893,15,0,Unemployed,Own,0.02,4,1
6604,665,17013,30,0,Unemployed,Own,0.79,13,1
6280,771,41822,30,0,Employed,Own,0.29,3,1
8162,682,9614,15,0,Unemployed,Mortgage,0.93,1,1
8618,806,31186,15,0,Employed,Rent,0.93,5,0
19412,689,41297,30,0,Self-employed,Rent,0.23,11,1
4434,701,9272,15,1,Employed,Own,0.08,4,1
5903,720,44759,30,0,Unemployed,Own,0.45,12,0
6252,784,37019,30,0,Employed,Rent,0.21,10,0
9448,672,29830,15,1,Self-employed,Mortgage,0.05,6,1
17274,778,48841,30,1,Unemployed,Mortgage,0.61,2,1
10426,634,43299,30,0,Unemployed,Mortgage,0.33,4,0
14636,818,31340,30,0,Self-employed,Mortgage,0.5,11,1
16145,611,15505,15,0,Unemployed,Rent,0.37,17,0
16692,708,13205,15,1,Employed,Own,0.87,2,0
3612,739,25917,15,0,Employed,Mortgage,0.75,4,0
7186,704,18272,15,0,Self-employed,Own,0.75,14,1
12738,764,25601,15,0,Unemployed,Own,0.25,5,1
13465,726,6323,15,0,Employed,Own,0.1,9,1
12120,777,33261,15,0,Unemployed,Mortgage,0.12,6,1
14553,804,6268,30,0,Self-employed,Rent,0.54,11,1
12114,809,26263,30,1,Unemployed,Rent,0.81,1,0
3099,823,15709,30,0,Unemployed,Mortgage,0.89,4,0
5354,802,29576,15,0,Self-employed,Own,0.33,9,0
16022,648,26795,15,0,Employed,Own,0.45,14,1
4608,674,27113,30,0,Employed,Rent,0.04,1,1
10719,739,24854,15,1,Unemployed,Mortgage,0.1,11,0
14498,693,49534,30,0,Employed,Own,0.57,6,1
16947,634,26507,30,1,Employed,Own,0.81,9,1
19668,802,6348,15,1,Self-employed,Rent,0.51,14,1
14922,804,38893,30,0,Self-employed,Mortgage,0.65,3,1
17508,841,9722,15,0,Self-employed,Own,0.74,1,0
19083,639,31601,15,0,Unemployed,Mortgage,0.83,13,0
14062,712,45738,30,0,Self-employed,Rent,0.5,8,1
19384,610,46385,30,0,Employed,Rent,0.28,17,0
8851,602,42645,30,1,Self-employed,Mortgage,0.13,16,1
17179,721,45831,30,0,Employed,Mortgage,0.7,18,1
13681,839,47097,30,0,Self-employed,Rent,0.77,1,0
5098,675,32025,30,1,Unemployed,Rent,0.32,1,0
17578,774,21746,15,0,Employed,Rent,0.4,12,1
7966,651,28208,30,0,Unemployed,Rent,0.69,11,0
5068,844,12661,30,1,Employed,Rent,0.9,7,1
9827,769,30546,15,0,Self-employed,Own,0.63,19,0
15918,691,11950,30,1,Unemployed,Own,0.89,2,0
8604,731,42187,30,0,Employed,Own,0.88,6,1
15393,616,26135,15,0,Unemployed,Mortgage,0.74,18,1
10874,663,20090,30,0,Employed,Rent,0.59,11,0
4807,664,45420,30,0,Employed,Mortgage,0.24,13,1
17881,613,37359,30,0,Unemployed,Own,0.07,10,1
4932,638,41530,30,1,Employed,Mortgage,0.31,18,1
6973,604,43956,15,0,Unemployed,Mortgage,0.86,4,0
3266,603,29916,15,0,Unemployed,Rent,0.64,9,1
14270,747,5564,15,1,Unemployed,Rent,0.44,3,0
8382,681,42036,15,0,Unemployed,Own,0.75,11,1
11806,744,9177,30,0,Self-employed,Rent,0.67,7,1
15619,726,30221,15,1,Unemployed,Mortgage,0.8,1,0
10500,671,5711,15,0,Unemployed,Own,0.93,5,1
7765,752,43724,30,0,Employed,Mortgage,0.43,5,0
11819,611,5106,30,1,Unemployed,Rent,0.87,13,0
7485,750,38522,30,1,Employed,Rent,0.0,1,1
5283,660,39395,15,0,Unemployed,Mortgage,0.71,4,0
14326,819,34856,15,0,Self-employed,Rent,0.38,8,1
17895,730,12659,30,0,Employed,Own,0.58,18,1
19504,736,38705,30,1,Employed,Rent,0.49,12,0
17098,672,16474,30,0,Self-employed,Own,0.59,3,0
17681,817,42277,30,0,Unemployed,Mortgage,0.61,13,1
19606,638,37653,30,1,Self-employed,Own,0.28,17,0
6676,652,41850,30,1,Self-employed,Own,0.28,3,1
13345,825,10484,15,0,Self-employed,Own,0.13,13,1
14477,688,32273,30,0,Employed,Own,0.57,10,0
14782,663,25534,15,0,Self-employed,Rent,0.06,4,1
15900,749,31785,15,1,Employed,Rent,0.96,1,1
12114,604,13721,30,1,Unemployed,Own,0.31,14,1
10326,759,8134,15,0,Unemployed,Own,0.18,6,0
10557,843,18127,15,0,Unemployed,Mortgage,0.42,19,1
17479,803,28504,30,0,Employed,Rent,0.7,4,1
16247,765,47070,15,1,Self-employed,Rent,0.06,11,0
14749,607,15747,30,0,Employed,Rent,0.2,13,0
14301,750,22673,30,0,Unemployed,Mortgage,0.68,10,1
18985,724,49974,15,0,Self-employed,Rent,0.86,17,1
15383,642,9748,30,0,Employed,Mortgage,0.36,7,1
17688,787,35077,15,0,Self-employed,Own,0.18,13,1
5544,823,6397,30,1,Self-employed,Own,0.41,16,1
17544,654,32030,15,1,Self-employed,Mortgage,0.18,7,0
9432,801,36928,15,0,Employed,Own,0.97,18,0
3062,715,32181,15,1,Self-employed,Rent,0.38,7,1
19192,779,6825,30,0,Unemployed,Own,0.55,6,1
9490,682,22086,15,0,Employed,Own,0.21,13,1
5023,623,28044,30,0,Employed,Rent,0.91,3,0
11342,683,24269,30,1,Unemployed,Own,0.51,1,0
5852,625,9733,30,0,Unemployed,Mortgage,0.59,18,1
19511,657,42964,15,0,Employed,Rent,0.89,11,1
4508,797,38449,30,0,Self-employed,Own,0.17,1,1
12989,689,48404,15,0,Unemployed,Rent,0.16,5,1
18708,645,49741,15,1,Unemployed,Rent,0.07,9,1
15017,711,6769,30,0,Unemployed,Mortgage,0.93,19,0
15172,688,37371,15,0,Self-employed,Mortgage,0.39,14,0
5022,779,48402,30,0,Self-employed,Own,0.3,8,1
3592,659,17486,30,1,Employed,Rent,0.26,9,1
7669,772,27939,15,1,Self-employed,Own,0.87,17,0
14408,754,23539,30,0,Employed,Rent,0.98,11,1
13096,720,18010,30,0,Employed,Mortgage,0.67,16,0
12673,717,9723,15,1,Unemployed,Own,0.8,17,1
10764,771,9550,15,0,Employed,Own,0.63,2,1
3116,721,7982,15,0,Employed,Rent,0.43,3,0
10935,760,44025,30,1,Unemployed,Mortgage,0.73,17,0
3824,630,34386,15,1,Employed,Mortgage,0.87,12,1
11121,742,33415,15,0,Employed,Mortgage,0.58,16,0
6593,671,15024,15,0,Self-employed,Mortgage,0.73,16,0
15780,696,37808,30,0,Employed,Mortgage,0.73,6,1
5276,789,37667,30,0,Self-employed,Rent,0.06,3,1
4863,601,25574,15,0,Employed,Rent,0.67,13,0
19151,846,33667,30,0,Unemployed,Mortgage,0.68,13,1
11199,775,31722,15,0,Employed,Own,0.54,15,1
9653,724,39715,30,1,Unemployed,Mortgage,0.3,2,0
11982,709,38464,30,0,Self-employed,Rent,0.29,12,0
4890,718,12295,15,0,Self-employed,Own,0.6,15,1
4616,771,34626,15,0,Self-employed,Rent,0.84,15,0
18919,818,6311,15,0,Unemployed,Mortgage,0.27,12,1
3626,615,7864,15,1,Unemployed,Rent,0.76,7,0
17859,668,12147,30,0,Unemployed,Mortgage,0.5,3,0
15263,802,42251,15,0,Employed,Mortgage,0.36,10,0
5138,685,37293,30,1,Employed,Rent,0.76,11,0
10021,767,23087,15,1,Self-employed,Rent,0.5,18,1
19187,706,26516,30,1,Self-employed,Mortgage,0.95,7,1
15912,835,16092,30,0,Employed,Mortgage,0.54,7,1
7517,694,41299,30,1,Employed,Mortgage,0.22,12,1
11629,814,19668,30,1,Employed,Rent,0.14,17,0
14528,600,43520,30,1,Self-employed,Mortgage,0.08,14,0
10008,681,9466,15,0,Employed,Own,0.44,15,0
11292,786,37731,15,0,Employed,Own,0.64,8,1
4409,612,26423,30,1,Self-employed,Rent,0.3,17,1
3765,819,42177,30,1,Employed,Mortgage,0.27,7,1
7997,643,38292,30,0,Employed,Rent,0.78,9,0
15792,782,27951,15,1,Unemployed,Own,0.98,16,1
9056,725,13095,15,0,Employed,Own,0.51,3,0
5710,775,14839,15,0,Employed,Own,0.96,11,1
17591,622,10789,30,1,Self-employed,Rent,0.06,10,0
12988,631,44351,15,1,Employed,Rent,0.56,11,0
10018,716,40265,30,1,Self-employed,Rent,0.9,9,1
3123,634,47277,15,0,Unemployed,Rent,0.51,11,0
18811,826,19848,15,0,Unemployed,Mortgage,0.5,11,1
9460,642,13983,15,1,Employed,Mortgage,0.58,18,1
8672,668,10005,30,1,Self-employed,Own,0.38,4,1
12425,722,37904,15,1,Unemployed,Own,0.52,5,0
4320,662,19804,30,0,Self-employed,Mortgage,0.14,5,0
17395,636,19389,15,0,Unemployed,Own,0.73,18,0
5538,683,7258,15,0,Self-employed,Mortgage,0.02,18,0
12694,772,49813,15,1,Self-employed,Rent,0.22,16,1
17561,809,19728,15,0,Self-employed,Mortgage,0.95,9,1
10774,840,49422,30,1,Unemployed,Rent,0.45,2,1
14941,711,29987,30,0,Self-employed,Own,0.57,16,0
13456,798,16429,30,0,Unemployed,Mortgage,0.74,10,1
10011,606,38187,15,0,Unemployed,Rent,0.15,12,1
10837,776,37296,15,0,Self-employed,Own,0.99,17,0
19151,737,44262,30,1,Unemployed,Rent,0.42,16,1
4408,628,5972,30,0,Self-employed,Own,0.0,17,0
4111,677,37185,30,0,Unemployed,Mortgage,0.8,17,0
6877,784,23733,15,0,Unemployed,Rent,0.08,3,1
16657,737,8920,30,1,Self-employed,Own,0.47,9,1
18494,813,32962,30,0,Self-employed,Own,0.23,2,0
17552,666,45087,15,0,Self-employed,Own,0.17,17,1
6952,609,24198,15,1,Employed,Mortgage,0.22,15,0
6115,710,5746,30,1,Unemployed,Mortgage,0.67,9,1
5963,848,5968,30,1,Self-employed,Own,0.59,2,0
17102,764,45951,30,0,Employed,Mortgage,0.06,15,1
11075,628,36734,30,0,Self-employed,Rent,0.73,14,0
18265,844,23896,15,0,Self-employed,Own,0.54,1,1
7378,664,32893,30,0,Employed,Own,0.09,13,0
14463,802,48901,30,1,Employed,Mortgage,0.41,9,1
15527,724,18842,15,1,Employed,Rent,0.67,1,0
7452,741,10066,30,0,Unemployed,Mortgage,0.19,1,0
9743,835,6935,15,0,Unemployed,Own,0.68,11,1
12621,602,11013,15,1,Self-employed,Rent,0.27,12,1
8630,765,9952,30,0,Employed,Rent,0.76,5,1
14528,799,35692,15,1,Self-employed,Rent,0.03,19,1
6366,687,12555,30,1,Self-employed,Mortgage,0.61,18,1
10078,822,42871,15,0,Self-employed,Mortgage,0.97,7,1
11804,809,49207,30,0,Employed,Own,0.18,19,1
3571,603,40864,15,0,Employed,Rent,0.89,16,0
9182,711,35504,30,0,Employed,Mortgage,0.61,10,1
14939,826,19473,30,0,Unemployed,Own,0.59,8,1
19305,680,18640,15,0,Unemployed,Own,0.65,3,1
8839,843,43895,15,0,Employed,Own,0.99,1,1
12481,682,35483,30,0,Employed,Own,0.09,18,0
15279,650,28254,30,0,Employed,Rent,0.16,7,1
10300,789,47307,15,0,Unemployed,Own,0.61,13,0
12822,834,11094,15,0,Unemployed,Mortgage,0.81,15,1
4291,810,49159,30,0,Self-employed,Rent,0.04,15,1
5532,628,45770,30,0,Employed,Rent,0.89,8,0
5129,635,19039,30,0,Employed,Rent,0.16,10,0
15230,653,25715,30,1,Unemployed,Rent,0.56,8,0
15180,626,10144,30,0,Unemployed,Own,0.77,14,1
8802,713,25052,15,0,Self-employed,Own,0.66,2,0
11058,703,27179,15,0,Employed,Rent,0.76,4,1
9613,642,42408,30,0,Unemployed,Own,0.29,3,1
19567,646,18090,30,0,Employed,Rent,0.86,8,0
18972,797,38628,15,0,Unemployed,Rent,0.26,3,1
7207,628,43949,30,0,Self-employed,Own,0.71,8,1
15258,727,34522,30,0,Employed,Own,0.11,4,1
9241,771,22463,15,0,Self-employed,Mortgage,0.93,1,0
19240,683,10994,30,0,Unemployed,Own,0.28,5,0
10137,662,15787,15,0,Employed,Mortgage,0.13,12,0
16849,674,21359,15,1,Unemployed,Mortgage,0.13,16,0
8217,802,10349,15,0,Unemployed,Rent,0.79,10,0
8471,737,18102,15,0,Unemployed,Own,0.78,7,0
17937,819,45290,30,1,Self-employed,Mortgage,0.67,6,1
15120,827,37859,30,0,Employed,Own,0.98,2,1
5598,675,13689,30,1,Unemployed,Mortgage,0.97,6,0
7147,696,15830,30,0,Unemployed,Mortgage,0.73,17,0
12232,766,42738,30,0,Self-employed,Mortgage,0.84,13,1
4882,631,19494,30,1,Employed,Own,0.78,15,1
15718,843,20707,30,1,Unemployed,Rent,0.08,9,1
10802,750,17339,15,1,Unemployed,Mortgage,0.63,12,1
3645,726,28044,30,1,Employed,Mortgage,0.41,15,0
7039,691,38670,30,0,Employed,Own,0.49,3,1
12635,657,37553,30,1,Self-employed,Own,0.22,17,0
19246,621,45195,30,0,Unemployed,Rent,0.03,12,0
13931,825,40495,15,1,Self-employed,Rent,0.9,5,1
14622,661,15732,15,0,Self-employed,Mortgage,0.92,19,0
3761,836,44323,30,1,Employed,Mortgage,0.74,7,1
12139,641,44168,15,0,Self-employed,Mortgage,0.74,2,0
7791,715,15058,30,0,Unemployed,Own,0.83,5,0
3625,707,7781,30,0,Unemployed,Own,0.31,8,1
11587,699,5846,30,0,Unemployed,Mortgage,0.82,8,0
8837,769,6152,15,0,Employed,Own,0.68,17,1
15154,751,24712,30,1,Employed,Mortgage,0.79,3,0
6383,832,11240,15,0,Unemployed,Mortgage,0.85,13,1
5555,652,21139,15,0,Unemployed,Mortgage,0.89,6,0
18612,623,27557,30,0,Employed,Rent,0.02,13,0
17707,722,26177,15,0,Unemployed,Rent,0.46,14,1
8305,672,14502,30,0,Unemployed,Mortgage,0.95,17,0
9758,641,32410,15,1,Self-employed,Rent,0.58,7,0
16195,837,42482,15,1,Employed,Rent,0.72,16,1
19078,660,29592,15,0,Employed,Own,0.33,1,1
10762,647,31487,30,0,Unemployed,Mortgage,0.09,18,1
6308,743,49369,15,1,Self-employed,Rent,0.58,5,1
3165,636,15249,30,1,Employed,Own,0.43,14,0
4415,793,23313,30,0,Employed,Mortgage,0.03,1,0
12294,694,28258,15,0,Employed,Own,0.1,14,0
14209,829,30676,30,0,Self-employed,Mortgage,0.46,5,0
19907,642,10351,30,0,Self-employed,Mortgage,0.5,4,0
10228,600,31524,30,0,Self-employed,Rent,0.5,4,0
17015,811,23166,30,0,Employed,Mortgage,0.3,3,0
3699,734,48853,15,1,Employed,Rent,0.56,18,0
17226,821,48962,15,0,Self-employed,Rent,0.49,13,1
14957,667,48641,15,1,Self-employed,Own,0.25,4,1
16596,631,45368,15,0,Self-employed,Own,0.63,9,0
19832,629,33059,15,0,Unemployed,Mortgage,0.76,2,1
14992,616,15091,15,0,Self-employed,Own,0.06,16,1
18240,795,33825,30,0,Employed,Mortgage,0.18,10,1
6467,626,11100,30,0,Self-employed,Own,0.71,9,1
13716,606,27639,30,0,Self-employed,Mortgage,0.4,11,1
17259,833,27092,30,0,Unemployed,Own,0.59,13,1
6087,829,22944,30,1,Employed,Mortgage,0.53,13,0
3131,611,25229,30,0,Self-employed,Own,0.17,4,1
19597,681,18346,30,1,Unemployed,Mortgage,0.61,13,1
6356,655,21460,15,1,Self-employed,Mortgage,0.11,9,1
14989,725,49219,15,0,Unemployed,Own,0.81,10,0
4614,643,8627,15,0,Unemployed,Mortgage,0.5,1,0
5927,667,46935,15,1,Unemployed,Own,0.07,7,1
7940,620,14019,30,0,Unemployed,Own,0.99,9,0
4291,819,41117,15,0,Employed,Own,0.45,5,1
7845,719,45420,30,0,Unemployed,Rent,0.7,7,1
14521,820,12665,30,1,Employed,Own,0.15,13,0
13768,614,44422,30,0,Employed,Rent,0.14,8,1
5593,614,11508,30,0,Self-employed,Mortgage,0.16,4,0
4510,680,22932,30,0,Employed,Mortgage,0.15,11,0
12000,827,16120,15,0,Self-employed,Rent,0.14,18,1
4130,791,6660,15,0,Employed,Rent,0.99,18,1
3595,717,36391,30,1,Employed,Mortgage,0.35,18,1
7850,830,35227,30,0,Employed,Rent,0.19,15,0
19708,643,11741,15,1,Employed,Own,0.42,10,1
8535,755,7863,30,1,Self-employed,Own,0.5,13,0
11854,702,7042,30,0,Employed,Own,0.46,13,1
10909,815,37836,30,0,Self-employed,Rent,0.46,5,1
3079,748,26705,30,0,Employed,Rent,0.72,9,0
14059,623,29480,30,1,Unemployed,Own,0.68,10,0
14660,634,43858,15,0,Self-employed,Own,0.33,4,0
8130,632,25955,30,0,Unemployed,Mortgage,0.18,2,0
12833,665,39064,15,0,Self-employed,Rent,0.7,7,0
12040,622,6762,30,0,Employed,Rent,0.33,14,0
14998,621,28702,15,1,Self-employed,Own,0.98,13,0
4731,785,10245,15,1,Employed,Rent,0.73,6,0
12345,668,22436,30,0,Self-employed,Own,0.39,1,1
18200,645,17572,30,0,Employed,Own,1.0,8,0
19747,832,40441,30,0,Self-employed,Own,0.13,7,1
7562,767,12013,30,1,Unemployed,Rent,0.32,7,1
11889,624,15841,30,0,Self-employed,Rent,0.53,8,1
10951,686,22541,30,1,Self-employed,Rent,0.12,19,0
12103,617,26923,15,0,Self-employed,Rent,0.6,18,1
14804,780,27499,30,0,Employed,Rent,0.72,12,1
6399,818,29031,15,0,Unemployed,Own,0.42,18,0
16595,736,21309,30,0,Employed,Own,0.64,6,1
17552,605,35013,30,1,Unemployed,Rent,0.87,19,0
7409,825,12452,15,0,Self-employed,Rent,0.96,18,1
13456,686,38767,30,0,Employed,Mortgage,0.42,10,1
9034,682,23855,15,0,Employed,Mortgage,0.72,13,0
19462,610,37873,30,1,Self-employed,Mortgage,0.77,18,0
11142,662,19445,30,0,Employed,Mortgage,0.71,5,0
8703,629,35624,15,1,Unemployed,Rent,0.53,1,0
10951,739,17548,15,0,Employed,Rent,0.17,4,1
13237,758,40200,15,0,Self-employed,Mortgage,0.27,13,1
9091,671,29843,30,0,Self-employed,Own,0.59,16,0
4613,658,46139,30,1,Employed,Rent,0.37,6,1
11702,822,22348,15,1,Unemployed,Own,0.92,8,0
10581,642,29346,15,1,Self-employed,Mortgage,0.17,15,1
19082,813,37271,15,0,Unemployed,Rent,0.29,6,1
10812,671,28025,30,0,Employed,Rent,0.09,18,1
8041,753,30308,15,0,Self-employed,Rent,0.57,19,1
18929,836,30670,15,1,Employed,Rent,0.26,19,1
10888,654,32384,30,1,Unemployed,Own,0.92,18,0
10209,718,16506,15,0,Unemployed,Own,0.35,2,1
12690,683,49865,15,0,Unemployed,Mortgage,0.26,11,0
12410,625,7273,30,0,Self-employed,Rent,0.88,18,1
10087,773,47406,15,1,Self-employed,Own,0.36,10,1
4344,721,40396,30,1,Self-employed,Mortgage,0.17,5,0
19620,834,23270,15,1,Unemployed,Own,0.94,9,1
9218,731,12428,30,0,Self-employed,Own,0.01,19,1
9822,716,34691,15,0,Unemployed,Rent,0.78,6,0
11565,812,23767,30,0,Self-employed,Mortgage,0.99,8,1
14424,841,8961,15,1,Employed,Rent,0.16,2,1
18660,683,47086,30,0,Employed,Own,0.31,18,1
3611,849,17560,15,0,Unemployed,Own,0.57,16,1
18207,637,7050,30,0,Unemployed,Mortgage,0.32,8,0
6995,761,23720,15,0,Employed,Own,0.54,17,0
17075,788,19231,30,0,Unemployed,Rent,0.9,18,1
5352,708,8773,30,0,Unemployed,Own,0.28,7,1
16636,817,29961,15,0,Self-employed,Rent,0.78,9,1
12489,607,16556,15,0,Self-employed,Rent,0.57,7,1
13525,788,41697,15,0,Self-employed,Mortgage,0.94,3,1
15902,765,38032,30,0,Unemployed,Mortgage,0.39,6,1
4659,684,5163,15,0,Self-employed,Mortgage,0.96,5,0
10326,698,10310,15,1,Self-employed,Rent,0.96,3,0
10484,616,10999,30,1,Self-employed,Rent,0.8,14,1
9835,773,40764,30,0,Unemployed,Own,0.1,18,0
9388,832,21362,15,0,Self-employed,Own,0.24,7,1
13825,767,47646,30,0,Self-employed,Rent,0.06,11,1
14735,633,41481,15,0,Unemployed,Rent,0.19,14,1
17272,697,31461,15,0,Unemployed,Rent,0.38,16,1
16992,665,40075,30,0,Self-employed,Rent,0.61,16,1
19627,801,5259,30,0,Unemployed,Own,0.39,4,0
5581,687,47338,30,1,Self-employed,Rent,0.41,16,1
17234,668,10236,15,0,Employed,Own,0.4,8,1
6215,624,34038,15,0,Employed,Own,0.07,9,0
5800,606,10353,30,0,Unemployed,Mortgage,0.88,5,1
17097,697,23565,30,0,Employed,Own,0.66,18,1
17467,714,32731,30,1,Self-employed,Own,0.34,13,1
7560,660,33499,30,0,Unemployed,Own,0.6,15,1
5274,816,20198,30,0,Unemployed,Rent,0.53,10,0
14908,661,22054,30,1,Unemployed,Own,0.38,5,1
17470,844,22625,15,0,Self-employed,Own,0.14,4,1
14345,787,19215,30,1,Unemployed,Mortgage,0.77,19,0
5422,847,22036,30,0,Self-employed,Rent,0.07,15,1
9437,721,45452,30,0,Employed,Rent,0.19,8,0
17967,802,17528,15,1,Unemployed,Mortgage,0.06,5,0
16902,629,18211,30,0,Employed,Mortgage,0.28,9,1
19315,839,42068,30,1,Self-employed,Own,0.76,17,0
8718,848,20983,15,0,Employed,Mortgage,0.95,8,1
4631,628,26194,30,0,Unemployed,Mortgage,0.9,14,1
11378,752,33341,30,0,Employed,Own,0.54,12,0
6966,731,42102,30,0,Unemployed,Mortgage,0.5,9,1
8596,810,40571,15,1,Employed,Rent,0.99,16,1
15535,749,29619,30,0,Employed,Mortgage,0.5,1,1
4004,606,38479,30,0,Employed,Own,0.75,1,0
16600,684,30139,30,0,Employed,Mortgage,0.95,10,0
6293,621,22058,15,0,Unemployed,Rent,0.01,12,0
4064,719,37670,15,1,Employed,Rent,0.07,3,1
16312,627,46746,30,0,Employed,Mortgage,0.52,1,0
17940,754,21386,30,0,Employed,Own,0.0,8,1
16477,817,29230,30,1,Unemployed,Own,0.65,16,1
7199,792,8340,30,1,Employed,Rent,0.89,6,1
11686,710,6600,15,1,Employed,Rent,0.92,11,1
10116,731,42758,30,1,Unemployed,Mortgage,0.01,14,0
19057,653,23179,15,1,Employed,Mortgage,0.88,13,1
12079,637,20757,30,0,Self-employed,Own,0.68,4,0
15261,607,34566,30,1,Employed,Rent,0.74,2,0
7080,720,39778,30,0,Self-employed,Own,0.55,3,0
16444,680,9227,30,0,Employed,Own,0.2,7,1
5596,803,47214,15,1,Employed,Mortgage,0.69,18,0
13706,739,42690,30,1,Unemployed,Rent,0.34,14,1
19549,836,38749,15,1,Self-employed,Mortgage,0.59,10,0
11926,730,47495,30,0,Employed,Mortgage,0.35,10,1
19757,654,8764,30,0,Employed,Own,0.54,6,0
16952,605,8642,15,0,Employed,Own,0.12,15,1
12392,617,25590,15,0,Employed,Rent,0.06,16,0
18996,725,27098,30,0,Employed,Own,0.05,8,1
17244,678,35288,30,0,Self-employed,Own,0.98,5,1
16411,733,15553,15,0,Unemployed,Mortgage,0.73,4,1
19419,678,34985,15,0,Unemployed,Mortgage,0.92,8,1
19307,681,12658,15,0,Self-employed,Rent,0.31,10,1
19444,833,25549,15,0,Unemployed,Own,0.56,10,1
16304,710,32869,30,1,Unemployed,Own,0.53,8,0
10505,708,45025,15,1,Self-employed,Own,0.08,12,1
15443,630,21877,15,1,Unemployed,Mortgage,0.19,7,1
18491,698,16253,30,1,Employed,Mortgage,0.61,14,0
6958,603,10400,30,1,Unemployed,Mortgage,0.61,3,0
4435,728,42220,30,1,Unemployed,Mortgage,0.35,8,0
6300,693,15940,15,0,Employed,Own,0.99,4,0
11248,644,5889,30,0,Self-employed,Rent,0.57,13,0
9421,772,35141,15,1,Employed,Rent,0.66,1,0
10498,836,14740,30,0,Self-employed,Own,0.83,6,1
3957,727,17998,15,0,Employed,Own,0.42,1,1
12786,715,38905,15,0,Self-employed,Own,0.25,4,1
8912,789,23993,30,0,Employed,Mortgage,0.45,11,1
14536,600,46091,15,0,Employed,Mortgage,0.44,18,0
9592,617,8187,15,0,Employed,Rent,0.53,17,1
17971,757,6713,30,0,Self-employed,Own,0.47,9,1
3769,691,5075,30,0,Self-employed,Mortgage,0.72,19,0
7354,762,24473,30,0,Self-employed,Rent,0.64,16,1
4858,842,33119,15,0,Unemployed,Rent,0.14,11,1
13387,843,11447,30,0,Unemployed,Mortgage,0.22,6,1
13740,828,5330,15,0,Employed,Rent,0.73,14,1
8580,787,11772,30,0,Employed,Own,0.43,4,0
6742,621,24701,30,0,Employed,Mortgage,0.52,5,1
4575,663,22254,15,0,Employed,Rent,0.14,4,0
8709,822,19768,15,0,Employed,Mortgage,0.14,4,0
5993,848,22956,15,0,Unemployed,Rent,0.24,8,0
4306,701,43365,30,1,Employed,Own,0.98,11,0
15659,745,46507,30,0,Unemployed,Own,0.72,9,1
6313,638,8527,30,0,Unemployed,Rent,0.27,9,1
13497,807,22344,15,1,Employed,Rent,0.64,18,0
19138,729,19144,30,0,Self-employed,Own,0.69,18,1
12726,743,38800,30,0,Unemployed,Rent,0.89,6,1
10452,833,40779,15,0,Unemployed,Mortgage,0.44,17,1
18042,814,32398,30,0,Self-employed,Mortgage,0.26,4,0
5780,837,32749,15,0,Unemployed,Mortgage,0.29,19,0
9703,617,8068,30,0,Self-employed,Rent,0.19,4,0
17929,836,8463,30,0,Employed,Own,0.91,17,1
12926,781,12629,15,1,Employed,Mortgage,0.65,1,0
4181,750,37850,30,0,Employed,Rent,0.87,16,0
6004,805,48384,30,0,Unemployed,Own,0.89,3,1
15842,714,31129,15,0,Self-employed,Mortgage,0.67,12,1
5514,775,8843,30,1,Self-employed,Rent,0.83,19,1
14037,794,49158,15,0,Unemployed,Mortgage,0.15,1,1
17737,611,45200,15,0,Self-employed,Mortgage,0.53,14,0
6347,737,29623,30,0,Unemployed,Own,0.57,9,0
10820,842,18867,30,0,Unemployed,Rent,0.07,2,1
7451,640,49733,15,0,Unemployed,Mortgage,0.34,16,1
10021,782,23179,30,0,Employed,Own,0.95,7,1
17008,779,23507,30,0,Self-employed,Own,0.41,7,1
9932,647,14266,15,0,Self-employed,Mortgage,0.17,13,1
18491,604,20498,30,1,Unemployed,Mortgage,0.12,19,1
15369,738,26199,30,1,Employed,Rent,0.14,19,0
5086,841,34659,15,1,Unemployed,Mortgage,0.7,18,1
15837,734,40942,15,0,Unemployed,Own,0.15,6,1
3362,718,9670,15,1,Unemployed,Own,0.87,15,1
7648,772,45419,15,1,Self-employed,Rent,0.53,3,0
15059,672,22781,15,0,Self-employed,Mortgage,0.54,2,1
16956,736,23851,30,0,Employed,Mortgage,0.3,7,0
4459,800,17629,15,0,Unemployed,Mortgage,0.82,19,0
13917,836,38692,15,0,Unemployed,Own,0.16,10,0
9947,829,26435,30,0,Self-employed,Mortgage,0.79,6,0
3542,618,11369,15,1,Unemployed,Own,0.99,18,0
10128,602,26593,30,1,Employed,Mortgage,0.48,5,0
16912,797,5458,30,1,Employed,Mortgage,0.47,2,1
3239,821,22921,15,0,Employed,Own,0.98,5,0
17223,849,34178,30,0,Unemployed,Own,0.17,8,1
10315,829,12573,30,0,Self-employed,Mortgage,0.58,5,0
5893,700,24064,15,0,Self-employed,Mortgage,0.54,16,0
9119,706,34709,15,1,Unemployed,Rent,0.42,3,1
9117,757,33339,15,0,Unemployed,Rent,0.23,13,0
19359,755,32970,30,0,Self-employed,Mortgage,0.22,6,1
13130,745,43100,15,0,Employed,Rent,0.67,4,0
10623,786,23055,30,0,Employed,Mortgage,0.48,10,1
19444,739,16048,15,1,Employed,Own,0.04,18,0
15448,649,13504,15,0,Employed,Mortgage,0.41,18,1
6436,672,29917,15,0,Unemployed,Rent,0.65,12,0
16694,688,43318,15,1,Employed,Rent,0.72,3,0
3367,603,26715,30,0,Self-employed,Mortgage,0.41,12,0
7212,712,14690,15,1,Self-employed,Rent,0.54,12,0
17314,611,47679,15,0,Self-employed,Mortgage,0.44,2,1
16236,657,8462,30,1,Self-employed,Rent,0.03,18,1
15264,778,44932,30,0,Employed,Own,0.51,2,1
10392,743,25719,30,0,Self-employed,Own,0.55,2,1
5654,785,38454,30,1,Employed,Own,0.52,8,0
17931,731,22128,15,1,Employed,Own,0.87,1,1
8239,718,21809,15,0,Unemployed,Own,0.78,13,1
16666,828,8135,30,0,Self-employed,Mortgage,0.39,18,1
14675,788,42945,15,0,Employed,Mortgage,0.44,8,1
9445,767,12780,30,0,Employed,Mortgage,0.42,13,1
16649,813,44463,15,0,Self-employed,Rent,0.38,7,1
6799,757,42569,30,0,Self-employed,Mortgage,0.78,3,1
3432,781,47419,30,0,Self-employed,Mortgage,0.89,10,0
14102,667,27213,15,0,Self-employed,Rent,0.94,19,0
16282,656,14146,15,0,Unemployed,Own,0.48,13,0
18425,803,37603,15,0,Employed,Own,0.33,19,1
8884,719,46311,30,0,Employed,Rent,0.89,8,0
3370,679,24125,15,1,Self-employed,Mortgage,0.83,18,0
10073,645,40335,15,1,Employed,Rent,0.42,15,0
16686,690,13547,30,0,Employed,Rent,0.22,7,1
10651,679,30285,30,0,Unemployed,Rent,0.45,7,1
11153,825,13988,15,0,Unemployed,Own,0.86,3,1
16893,611,28798,15,1,Employed,Rent,0.93,18,1
17273,847,28418,15,0,Unemployed,Mortgage,0.62,14,1
19513,733,9875,15,0,Self-employed,Own,0.94,17,1
7295,758,42379,15,0,Unemployed,Own,0.52,9,0
